Group,type,Salinity,pH,Na,K,Ca,Mg,Cl,SO4,HCO3_CO3,Depth,SamplingDepth,Temperature,DO,Chl-a,TOC,DOC,Continent,Site,Long,Lat
01Boddi18,soda-saline,5,9.2,96.5,0.3,1.1,2.1,46.5,8.7,44.7,0.12,0.01,19.9,9.2,?,?,?,Europe,Carpathian_Basin,19.15012,46.76783
01T,saline,12.3,9.3,96.2,1,0,2.8,71.1,23.3,5.6,0.04,0.01,18.7,10.4,5.5,42.7,35.9,Europe,Carpathian_Basin,18.55014,46.98536
02S,saline,2.4,8.6,?,?,?,?,?,?,?,?,?,?,?,?,?,?,Asia,Balkhash-Alakol_Depression,76.29051,46.57123
02Soser18,soda,3.8,8.7,97.3,0,0.9,1.8,35.8,8.2,56,0.42,0.01,20.5,4.3,?,?,?,Europe,Carpathian_Basin,19.14465,46.78902
02T,saline,11.1,9.5,73.1,5.4,0,21.5,32.9,49.5,17.6,0.06,0.01,23.3,13.4,18.9,257.1,236.8,Europe,Carpathian_Basin,18.55446,46.97152
03KolonK18,freshwater,0.4,7.9,?,?,?,?,?,?,?,1.85,0.01,21.2,6.3,?,?,?,Europe,Carpathian_Basin,19.34028,46.76056
03T,soda,3.1,9.4,95.5,0,1.5,3.1,20.3,12.9,66.7,0.06,0.01,18.6,10.6,23.1,68.7,37.3,Europe,Carpathian_Basin,20.02993,46.54784
04KolonT18,freshwater,0.2,7.2,?,?,?,?,?,?,?,1.6,0.01,21.2,6.6,?,?,?,Europe,Carpathian_Basin,19.34028,46.76056
04S,saline,2.1,8.6,?,?,?,?,?,?,?,?,?,?,?,?,?,?,Asia,Balkhash-Alakol_Depression,75.97485,46.58086
04T,soda,1.8,9.7,68.9,0.5,0,30.6,14.2,8.2,77.7,0.23,0.01,16.3,11.2,2.9,40.3,37.6,Europe,Carpathian_Basin,20.04093,46.52388
05Szelid18,soda,1.8,8.7,77.3,0.5,5.7,16.5,40.7,4.2,55.1,4.7,0.01,20,6.9,?,?,?,Europe,Carpathian_Basin,19.044,46.629
05T,soda,1.6,9.1,88.4,0,1.9,9.8,25.1,2.9,72,0.31,0.01,16.8,15.8,102.8,51.3,41.2,Europe,Carpathian_Basin,20.06296,46.5705
06Rusanda18,soda,15,9.6,94.6,1.9,1.2,2.3,29.4,32.7,37.9,0.15,0.01,23.9,8.1,?,?,?,Europe,Carpathian_Basin,20.29114,45.52872
06S,saline,1.2,8.6,?,?,?,?,?,?,?,?,?,?,?,?,?,?,Asia,Balkhash-Alakol_Depression,74.98802,46.40668
06T,soda,2.9,9.3,97.3,0,0.9,1.8,35.8,8.2,56,0.13,0.01,23.9,9.2,19.2,159.3,136.4,Europe,Carpathian_Basin,19.14618,46.78886
07SlanoKopovo18,soda-saline,3.9,9,94.5,0.5,2.4,2.6,48.4,21,30.5,0.2,0.01,19,8.7,?,?,?,Europe,Carpathian_Basin,20.20409,45.62836
07T,soda-saline,5.5,9.6,99.9,0,0.1,0,51.6,8.9,39.4,0.11,0.01,23.8,9.4,136.1,71.8,39.6,Europe,Carpathian_Basin,19.15252,46.76392
08S,saline,1.2,8.5,?,?,?,?,?,?,?,?,?,?,?,?,?,?,Asia,Balkhash-Alakol_Depression,73.73276,46.01445
08T,soda-saline,4.6,9.7,99.9,0,0.1,0,54.2,5.2,40.6,0.11,0.01,23.3,9.1,60.9,54,24.3,Europe,Carpathian_Basin,19.15331,46.76588
08VBK18,soda,3.4,9.5,97.4,0.4,0.7,1.5,30.6,9.7,59.7,0.42,0.01,20,9.3,?,?,?,Europe,Carpathian_Basin,19.18047,46.76363
09Kelemen18,soda,2.1,9.3,95.6,0.6,1.4,2.4,35.5,7.1,57.4,0.17,0.01,21.4,8.7,?,?,?,Europe,Carpathian_Basin,19.174,46.79822
09S,freshwater,0.2,7,?,?,?,?,?,?,?,?,?,?,?,?,?,?,Asia,Balkhash-Alakol_Depression,74.83127,46.82475
09T,soda,1.5,9.5,91.5,0,7.3,1.2,34.1,5.6,60.3,0.12,0.01,21.6,9,25.5,90.6,14.6,Europe,Carpathian_Basin,19.18631,46.79475
0S,saline,1.2,8.7,?,?,?,?,?,?,?,?,?,?,?,?,?,?,Asia,Balkhash-Alakol_Depression,76.47094,46.61498
10T,soda,3.3,9.5,98.1,0,0,1.9,37.6,6.4,56,0.05,0.01,19,9.5,32.4,32.8,28.7,Europe,Carpathian_Basin,19.17758,46.7994
10Zab18,soda,3,9.5,97,0.4,1,1.6,26.3,6.9,66.8,0.38,0.01,26,8.6,?,?,?,Europe,Carpathian_Basin,19.17138,46.8365
11S,saline,3.3,8.4,?,?,?,?,?,?,?,?,?,?,?,?,?,?,Asia,Balkhash-Alakol_Depression,74.95828,46.82427
11T,soda,1.5,9.5,84.9,0.5,11.4,3.2,16.8,4.2,79,0.07,0.01,14.1,10.1,27.9,61.2,18.6,Europe,Carpathian_Basin,19.1671,46.86266
12KH18,soda,1.6,8.4,54.8,2.6,3.9,38.6,26.3,30.8,42.9,0.89,0.01,23.7,5.9,?,?,?,Europe,Carpathian_Basin,16.71409,47.69231
12T,soda,1.5,9.7,91.4,0,7.1,1.5,27,5.2,67.8,0.11,0.01,14.5,10.4,15.3,27.1,14.4,Europe,Carpathian_Basin,19.17682,46.83956
13FertoB018,soda,1.4,9,56,2.6,2.4,39,27.5,32.3,40.2,1.55,0.01,23.1,8.1,?,?,?,Europe,Carpathian_Basin,16.72094,47.73356
13T,soda,1.8,9.6,95.1,0,3.9,1,26.5,4.7,68.8,0.05,0.01,17,9.9,20.9,56.9,42.5,Europe,Carpathian_Basin,19.17471,46.82859
14T,soda,5,9.1,97.3,0,0.6,2,24.9,11.7,63.4,0.15,0.01,24.2,8.1,0,51.6,10,Europe,Carpathian_Basin,20.62655,46.47229
14VelenceiKo18,soda,2.6,8.9,44.2,3.2,0,52.6,24.9,36.3,38.7,2.23,0.01,22.2,9.1,?,?,?,Europe,Carpathian_Basin,18.60335,47.20643
15Dinnyesi18,soda,2.4,9,51.9,3.1,0,45,28.4,24.7,46.8,0.71,0.01,24.3,13.9,?,?,?,Europe,Carpathian_Basin,18.54645,47.17112
15T,soda,5.1,9,96.1,0,1.1,2.8,24.1,11.4,64.5,0.13,0.01,26.3,8.2,0,66.6,49.8,Europe,Carpathian_Basin,20.62993,46.47189
16T,freshwater,0.3,8.3,17.5,1.1,51.8,29.7,14.8,16.6,68.6,0.15,0.01,21.8,10.6,14,5.7,4,Europe,Carpathian_Basin,19.11327,47.15685
16VelenceiNy18,soda,2,8.1,44.5,3.2,0,52.3,25.4,37,37.6,1.72,0.01,23.1,3.3,?,?,?,Europe,Carpathian_Basin,18.56068,47.19983
17T,soda,1.2,8.2,79.9,0.9,10,9.3,9.8,17.1,73,0.22,0.01,23.4,4.4,34.4,65.9,46.4,Europe,Carpathian_Basin,19.10486,47.15223
17Zicklacke18,soda,3.7,9.7,84.8,2.7,1.2,11.4,22.2,30.8,47.1,0.1,0.01,28.9,14.1,?,?,?,Europe,Carpathian_Basin,16.7838,47.76628
18ObererStinker18,soda,7.5,9.5,93.3,2,0.2,4.5,15.6,7.1,77.3,0.08,0.01,25.2,10.5,?,?,?,Europe,Carpathian_Basin,16.79568,47.81618
18T,freshwater,0.6,8.1,47,0.7,30.8,21.5,11.3,5.5,83.2,0.24,0.01,25.7,7.8,1.9,13.9,13.3,Europe,Carpathian_Basin,19.11361,47.14215
19SudlicherSilbersee18,soda,7.3,9.6,88.4,3,0.4,8.2,30,9.6,60.4,0.2,0.01,27.3,14.8,?,?,?,Europe,Carpathian_Basin,16.77971,47.79109
19T,soda,3.6,9,58.2,2.3,1.4,38,27.2,33,39.8,0.25,0.01,21.2,8.7,5.1,41,37.7,Europe,Carpathian_Basin,16.83239,47.67685
20LangeLacke18,soda,3.4,9.3,71.1,2.1,4.2,22.6,12.4,26.5,61.1,0.11,0.01,25.1,8.7,?,?,?,Europe,Carpathian_Basin,16.87719,47.75895
20T,soda-saline,8,9.4,61.7,1.9,0,36.4,30.5,35.7,33.7,0.05,0.01,23.9,11.4,0,141,88,Europe,Carpathian_Basin,16.84244,47.68065
21BalatonTihany18,freshwater,0.6,8.7,18.5,2.6,23.2,55.7,11.4,35,53.6,4.2,0.01,22.6,7.9,?,?,?,Europe,Carpathian_Basin,17.91847,46.91758
21T,soda,2.3,8.7,54.8,2.6,3.9,38.6,26.3,30.8,42.9,1.2,0.01,24.6,9.1,4.7,36,30,Europe,Carpathian_Basin,16.63647,47.63888
22BalatonKeszthely18,freshwater,0.6,8.6,17.4,2.3,30.3,50,10.8,30.5,58.7,3.2,0.01,21.3,7.9,?,?,?,Europe,Carpathian_Basin,17.26829,46.73597
22T,soda,2.2,8.8,55.9,2.6,2.5,39,27,31.8,41.2,1.48,0.01,24.6,9.9,20.8,26.5,24.9,Europe,Carpathian_Basin,16.70497,47.71168
23T,soda,2.3,8.4,56,2.6,2.4,39,27.5,32.3,40.2,1.48,0.01,25.6,9.5,16.8,24.8,21,Europe,Carpathian_Basin,16.72042,47.73441
23UntererStinker18,soda,3.8,10,77.2,1.4,2.1,19.3,12.9,5.6,81.5,0.24,0.01,24.8,10.3,?,?,?,Europe,Carpathian_Basin,16.78508,47.80262
24T,soda,2.3,8.5,54.2,2.7,4,39.1,26.3,30.7,43.1,1.03,0.01,25.2,8.5,6.4,33.2,27.5,Europe,Carpathian_Basin,16.73095,47.67582
25T,soda,2.5,8.9,58,2.8,0,39.2,26.8,31.7,41.5,1.1,0.01,24.7,9.9,21.3,30,23,Europe,Carpathian_Basin,16.77865,47.63928
26T,soda,1.1,8.5,77.3,0.5,5.7,16.5,40.7,4.2,55.1,4.5,0.01,26.8,9.6,10.9,12.4,11.7,Europe,Carpathian_Basin,19.06076,46.63229
27T,soda,1.2,8.5,75.6,0.3,8,16.1,40.2,4.1,55.7,4,0.01,27.8,9.5,12.6,14.8,12.1,Europe,Carpathian_Basin,19.03682,46.62163
28T,soda,4.2,9,44.5,3.2,0,52.3,25.4,37,37.6,1.75,0.01,29.2,9.7,13.9,61.7,38.7,Europe,Carpathian_Basin,18.60649,47.20763
29T,soda,4.1,8.9,44.2,3.2,0,52.6,24.9,36.3,38.7,1.48,0.01,28.8,8.5,12.3,41.3,39.4,Europe,Carpathian_Basin,18.56765,47.19429
30T,soda,3.9,8.9,43.3,3.1,0,53.5,24.3,35.6,40.1,1.12,0.01,28.1,7,28.7,45.4,43.9,Europe,Carpathian_Basin,18.55982,47.18908
31T,soda,4.2,9.3,51.9,3.1,0,45,28.4,24.7,46.8,0.45,0.01,29.5,11.9,407.1,79.8,24.6,Europe,Carpathian_Basin,18.54728,47.16481
A,freshwater,0.4,7.9,?,?,?,?,?,?,?,2.1,0.05,24.6,1.3,194.7,?,?,Europe,Carpathian_Basin,20.00383,46.8255
B,freshwater,0.4,8,?,?,?,?,?,?,?,1,0.05,24.7,1.9,115,?,?,Europe,Carpathian_Basin,20.00192,46.82502
B01,soda-saline,5.1,9.1,96.5,0.3,1.1,2.1,46.5,8.7,44.7,0.09,0.01,17.9,11,319.5,?,35,Europe,Carpathian_Basin,19.15012,46.76783
B010w,soda,1.6,9,56.1,2.6,2.4,38.9,27.5,32.3,40.2,1.3,0.05,15.6,9.4,14.1,?,?,Europe,Carpathian_Basin,16.71941,47.73459
B011w,soda,1.5,9,56.1,2.6,2.4,38.9,27.5,32.3,40.2,1.2,0.05,9.8,10.7,4.7,?,?,Europe,Carpathian_Basin,16.71941,47.73459
B01w,soda,1.5,9.7,56.1,2.6,2.4,38.9,27.5,32.3,40.2,1.5,0.05,9.8,?,7.8,?,?,Europe,Carpathian_Basin,16.71941,47.73459
B02,soda-saline,5,9.4,96.5,0.3,1.1,2.1,46.5,8.7,44.7,0.14,0.01,15.7,9,375,?,28.2,Europe,Carpathian_Basin,19.15012,46.76783
B02w,soda,1.5,9.7,56.1,2.6,2.4,38.9,27.5,32.3,40.2,1.4,0.05,5,?,8,?,?,Europe,Carpathian_Basin,16.71941,47.73459
B03,soda-saline,5.3,9.2,96.5,0.3,1.1,2.1,46.5,8.7,44.7,0.09,0.01,26.3,10,238.5,?,29.8,Europe,Carpathian_Basin,19.15012,46.76783
B03w,soda,1.4,9.5,56.1,2.6,2.4,38.9,27.5,32.3,40.2,1.5,0.05,5.2,12.3,10.4,?,?,Europe,Carpathian_Basin,16.71941,47.73459
B04,soda-saline,6.5,9.5,96.5,0.3,1.1,2.1,46.5,8.7,44.7,0.05,0.01,25.2,8.4,105.1,?,37,Europe,Carpathian_Basin,19.15012,46.76783
B04w,soda,1.4,9.4,56.1,2.6,2.4,38.9,27.5,32.3,40.2,1.5,0.05,9.3,?,12.4,?,?,Europe,Carpathian_Basin,16.71941,47.73459
B05,soda-saline,10.2,9.5,96.5,0.3,1.1,2.1,46.5,8.7,44.7,0.1,0.01,26.1,8,107.9,?,61.8,Europe,Carpathian_Basin,19.15012,46.76783
B05w,soda,1.5,9.6,56.1,2.6,2.4,38.9,27.5,32.3,40.2,1,0.05,14.5,9.5,18.9,?,?,Europe,Carpathian_Basin,16.71941,47.73459
B06,soda-saline,9.2,9.8,96.5,0.3,1.1,2.1,46.5,8.7,44.7,0.12,0.01,21.4,6.9,204.5,?,51.7,Europe,Carpathian_Basin,19.15012,46.76783
B06w,soda,1.4,9.7,56.1,2.6,2.4,38.9,27.5,32.3,40.2,1.68,0.05,14.5,10.1,6.6,?,?,Europe,Carpathian_Basin,16.71941,47.73459
B07,soda-saline,15.3,9.6,96.5,0.3,1.1,2.1,46.5,8.7,44.7,0.07,0.01,24.1,8.5,230,?,446.9,Europe,Carpathian_Basin,19.15012,46.76783
B07w,soda,1.5,9.7,56.1,2.6,2.4,38.9,27.5,32.3,40.2,1.3,0.05,20.1,8.6,14.5,?,?,Europe,Carpathian_Basin,16.71941,47.73459
B08,soda-saline,9,9.4,96.5,0.3,1.1,2.1,46.5,8.7,44.7,0.1,0.01,22.3,10.1,153.4,?,126.1,Europe,Carpathian_Basin,19.15012,46.76783
B08w,soda,1.6,9,56.1,2.6,2.4,38.9,27.5,32.3,40.2,1.3,0.05,18.2,9.4,19,?,?,Europe,Carpathian_Basin,16.71941,47.73459
B09,soda-saline,12.4,9.8,96.5,0.3,1.1,2.1,46.5,8.7,44.7,0.05,0.01,24.4,11.3,85.4,?,78.7,Europe,Carpathian_Basin,19.15012,46.76783
B09w,soda,1.5,8.8,56.1,2.6,2.4,38.9,27.5,32.3,40.2,0.8,0.05,22.7,8.1,13.2,?,?,Europe,Carpathian_Basin,16.71941,47.73459
B10,soda-saline,23.3,9.7,96.5,0.3,1.1,2.1,46.5,8.7,44.7,0.05,0.01,25.7,9.8,13.2,?,1266.4,Europe,Carpathian_Basin,19.15012,46.76783
B11,soda-saline,18.8,9.7,96.5,0.3,1.1,2.1,46.5,8.7,44.7,0.04,0.01,24.8,16,264.2,?,545.3,Europe,Carpathian_Basin,19.15012,46.76783
B12,soda-saline,5.8,9.8,96.5,0.3,1.1,2.1,46.5,8.7,44.7,0.12,0.01,18.2,8.6,51.1,?,29,Europe,Carpathian_Basin,19.15012,46.76783
B13,soda-saline,8.6,9.6,96.5,0.3,1.1,2.1,46.5,8.7,44.7,0.09,0.01,17.4,12.2,255.7,?,598.6,Europe,Carpathian_Basin,19.15012,46.76783
B14,soda-saline,4.8,9.6,96.5,0.3,1.1,2.1,46.5,8.7,44.7,0.09,0.01,6,11.4,?,?,428.9,Europe,Carpathian_Basin,19.15012,46.76783
BO,soda,2.1,8.7,56.1,2.6,2.4,38.9,27.5,32.3,40.2,1.3,0.5,28.5,6.6,5.3,?,?,Europe,Carpathian_Basin,16.71941,47.73459
BU3,soda,3.7,9.2,96.9,0.5,1,1.6,20.8,5.5,73.7,0.02,0.01,14.7,?,59.6,?,48,Europe,Carpathian_Basin,19.16922,46.86633
BV,freshwater,0.5,8.6,17.4,2.3,30.3,50,10.8,30.5,58.7,3,0.1,?,?,?,?,?,Europe,Carpathian_Basin,17.29,46.73
BamCo,saline,7.3,9.7,80.1,5.4,2.8,11.7,28,63.6,8.5,?,0.15,14.7,6.1,?,14.9,?,Asia,TibetanPlateau,90.58962,31.33559
BangkogCo,saline,56.9,9.5,85.1,7.6,0.7,6.7,42,55.5,2.5,?,0.15,15.9,2.4,?,66.7,?,Asia,TibetanPlateau,89.43625,31.71048
BangongCo,freshwater,0.5,8.9,?,?,?,?,?,?,?,?,0.15,16.1,6.2,?,5.9,?,Asia,TibetanPlateau,79.81849,33.50688
BeroZeco,saline,29.7,9,74,4.1,0,21.9,7.5,90.3,2.2,?,0.15,18.1,4.4,?,34.4,?,Asia,TibetanPlateau,82.97189,32.41774
Bogoria_W1W2,soda,43.1,10,99,0.9,0,0,12.9,0.3,86.8,10,0.01,?,?,?,?,45,Africa,Great_Rift_Valley,36.10593,0.23228
BongCo,freshwater,0.1,8.7,31.4,14.9,26.3,27.4,11,65.1,23.9,?,0.15,12.5,5.7,?,3.1,?,Asia,TibetanPlateau,91.10875,31.22902
C,freshwater,0.4,7.7,?,?,?,?,?,?,?,1.4,0.05,25.5,2.8,50.4,?,?,Europe,Carpathian_Basin,20.00827,46.83869
D,freshwater,0.4,7.8,?,?,?,?,?,?,?,2.1,0.05,25.3,1.8,28.9,?,?,Europe,Carpathian_Basin,20.00788,46.83938
DangqiongCo,saline,118.1,?,92.9,7.1,0,0,78.9,6,15.1,?,0.15,?,?,?,?,?,Asia,TibetanPlateau,86.78088,31.56468
DawaCo,saline,17.7,9.3,81.8,6.1,0.7,11.3,22.7,75.3,2.1,?,0.15,?,?,?,?,?,Asia,TibetanPlateau,85.00584,31.22167
DeerLake2014,soda,22.9,10.1,98.3,0.8,0.1,0.9,1.2,0.1,98.7,?,0.05,?,?,?,?,?,America,CaribooPlateau,-121.24527,51.35416
DeerLake2015,soda,22.9,10.1,98.3,0.8,0.1,0.9,1.2,0.1,98.7,?,0.05,?,?,?,?,?,America,CaribooPlateau,-121.24527,51.35416
DeerLake2017,soda,16.7,10.4,98.1,0.8,0.1,1.1,1.1,0.2,98.7,?,0.05,?,?,?,?,?,America,CaribooPlateau,-121.24527,51.35416
DongCo,saline,42.2,8.9,77.1,13.7,0.5,8.7,33.5,65.9,0.5,?,0.15,?,?,?,?,?,Asia,TibetanPlateau,84.72611,32.15925
NB30,soda,22.2,10.1,98.7,0.5,0.2,0.6,25.3,0.7,74,6.2,2.5,16.3,6.1,?,?,?,Asia,Transbaikalia,112.23,51.23
NB31,soda,32.6,10,98.7,0.5,0.2,0.6,25.3,0.7,74,6.2,2.5,17.1,4.9,?,?,?,Asia,Transbaikalia,112.23,51.23
NB32,soda,34,10,98.7,0.5,0.2,0.6,25.3,0.7,74,6.2,3,16.7,4.5,?,?,?,Asia,Transbaikalia,112.23,51.23
NB41,soda,22.2,10.1,98.7,0.5,0.2,0.6,25.3,0.7,74,6.2,3,16.2,5.9,?,?,?,Asia,Transbaikalia,112.23,51.23
NB42,soda,33.6,10,98.7,0.5,0.2,0.6,25.3,0.7,74,6.2,3.15,15.1,4.9,?,?,?,Asia,Transbaikalia,112.23,51.23
NB43,soda,34.4,10,98.7,0.5,0.2,0.6,25.3,0.7,74,6.2,3.15,15,4.4,?,?,?,Asia,Transbaikalia,112.23,51.23
Ds,freshwater,0.5,8.6,?,?,?,?,?,?,?,4.05,0.05,28.1,7,70.7,?,?,Europe,Carpathian_Basin,17.81937,46.39818
E,freshwater,0.5,8.3,?,?,?,?,?,?,?,6,0.05,29,8.9,56.4,?,?,Europe,Carpathian_Basin,20.22571,46.469
Elmenteita,soda,13.2,9.4,95.9,4.1,0,0,31,1.7,67.4,2,0.01,?,?,?,?,?,Africa,Great_Rift_Valley,36.25499,-0.44708
F,freshwater,0.5,8.5,?,?,?,?,?,?,?,0.48,0.05,29.3,9.1,54.7,?,?,Europe,Carpathian_Basin,20.22385,46.47194
FDN,freshwater,0.5,8.6,?,?,?,?,?,?,?,0.65,0.05,30.8,10.8,34.4,?,?,Europe,Carpathian_Basin,18.86982,46.44056
FDO,freshwater,0.5,8.6,?,?,?,?,?,?,?,1.8,0.05,30.5,10.9,34.1,?,?,Europe,Carpathian_Basin,18.86982,46.44056
Ff,freshwater,0.6,8.7,18.5,2.6,23.2,55.7,11.4,35,53.6,4.5,0.05,28.1,7.8,1.4,?,?,Europe,Carpathian_Basin,18.01068,46.9451
Goodenough2016,soda,36.1,10.1,97.4,1.8,0,0.7,6.9,5.5,87.6,?,0.05,?,?,?,?,?,America,CaribooPlateau,-121.64139,51.32972
Goodenough2017,soda,13.8,10.7,96.9,1.9,0.1,1.1,6.8,5.9,87.3,?,0.05,?,?,?,?,?,America,CaribooPlateau,-121.64139,51.32972
Goodenough2014,soda,36.1,10.1,97.4,1.8,0,0.7,6.9,5.5,87.6,?,0.05,?,?,?,?,?,America,CaribooPlateau,-121.64139,51.32972
Goodenough2015,soda,36.1,10.1,97.4,1.8,0,0.7,6.9,5.5,87.6,?,0.05,?,?,?,?,?,America,CaribooPlateau,-121.64139,51.32972
Gudzh_water,saline,110.1,9.7,97.6,0,0.1,2.3,12.8,73.9,13.4,0.1,0.1,?,?,?,?,?,Asia,Transbaikalia,109.96,53.64
K,freshwater,0.6,8.6,17.4,2.3,30.3,50,10.8,30.5,58.7,3.1,0.05,27.3,7.4,6.1,?,?,Europe,Carpathian_Basin,17.26883,46.73129
K0,freshwater,0.4,7.5,?,?,?,?,?,?,?,2.6,0.1,9.8,7.2,6,20.8,20.4,Europe,Carpathian_Basin,19.34028,46.76056
K01,soda,2.6,8.9,95.6,0.6,1.4,2.4,35.5,7.1,57.4,0.15,0.01,14.1,8.5,247.2,?,20.9,Europe,Carpathian_Basin,19.174,46.79822
K02,soda,2.4,9.2,95.6,0.6,1.4,2.4,35.5,7.1,57.4,0.14,0.01,16.6,10,251.4,?,19.9,Europe,Carpathian_Basin,19.174,46.79822
K03,soda,2.4,9.2,95.6,0.6,1.4,2.4,35.5,7.1,57.4,0.17,0.01,22.5,9.1,541.7,?,20.2,Europe,Carpathian_Basin,19.174,46.79822
K03bact,saline,79.2,8.9,95.3,1.7,0,3,84.9,12.6,2.5,0.2,0.01,18.7,13.5,9.6,124.8,?,Asia,North_Kazakhstan,63.02325,51.41058
K04,soda,3.2,9.1,95.6,0.6,1.4,2.4,35.5,7.1,57.4,0.13,0.01,27.8,7.1,89.5,?,32.3,Europe,Carpathian_Basin,19.174,46.79822
K05,soda,5.6,9.4,95.6,0.6,1.4,2.4,35.5,7.1,57.4,0.04,0.01,30.3,8.4,306.7,?,52.1,Europe,Carpathian_Basin,19.174,46.79822
K06,soda,2,9.8,95.6,0.6,1.4,2.4,35.5,7.1,57.4,0.02,0.01,24.8,6.1,362.2,?,10.1,Europe,Carpathian_Basin,19.174,46.79822
K06bact,saline,148.7,8.1,80.7,0.5,1.4,17.4,84.9,14.9,0.2,0.1,0.01,25.9,12.9,9.7,74.2,?,Asia,North_Kazakhstan,63.02388,51.35781
K09,soda,7,9.8,95.6,0.6,1.4,2.4,35.5,7.1,57.4,0.05,0.01,27.8,14.2,498.4,?,69.9,Europe,Carpathian_Basin,19.174,46.79822
K1,freshwater,0.4,7.6,?,?,?,?,?,?,?,2.6,1,9.7,7.1,7.1,22.5,21.5,Europe,Carpathian_Basin,19.34028,46.76056
K10bact,saline,14,8.6,77.3,1.1,2.2,19.3,85.6,11.6,2.9,0.7,0.01,23.6,14.3,7.5,43.3,?,Asia,North_Kazakhstan,63.0297,51.37008
K12,soda,4.1,9.4,95.6,0.6,1.4,2.4,35.5,7.1,57.4,0.02,0.01,19.4,9.9,267.1,?,33.7,Europe,Carpathian_Basin,19.174,46.79822
K13bact,saline,13.4,7.9,70.5,0.9,11.7,16.8,72.1,27.1,0.8,0.2,0.01,9.6,?,12.3,12.9,?,Asia,North_Kazakhstan,64.50161,51.46111
K14,soda,2.6,9.4,95.6,0.6,1.4,2.4,35.5,7.1,57.4,0.11,0.01,7.1,10.6,?,?,306.3,Europe,Carpathian_Basin,19.174,46.79822
K15bact,saline,49.1,9.5,53,0.2,5.2,41.6,89.7,10.2,0.1,0.2,0.01,11.5,?,6,48.5,?,Asia,North_Kazakhstan,64.46041,51.51964
K16bact,saline,6.4,8.9,52.6,1,4.9,41.5,84.2,13.2,2.5,0.7,0.01,14.7,19.4,378,56.2,?,Asia,North_Kazakhstan,62.35716,51.3217
K18bact,saline,1.9,8.4,38.1,3,42.8,16,53,40.8,6.2,0.5,0.01,9.4,?,53.4,24.2,?,Asia,North_Kazakhstan,64.49399,51.50527
K20bact,freshwater,0.5,8.5,23.8,5.1,55.7,15.4,22.4,45.8,31.7,0.03,0.01,10.4,?,10.7,24.4,?,Asia,North_Kazakhstan,62.52596,51.21001
KA1,saline,58.2,9.4,93.6,0.1,0.6,5.6,55.5,43.5,0.9,0.2,0.05,22.4,?,?,?,?,Asia,WestKazakhstan_Aktobe_region,59.57196,48.05287
KA2,saline,9.6,8.9,93.1,0.5,0.9,5.5,66.4,12.6,21,0.3,0.05,23,9,?,?,?,Asia,WestKazakhstan_Aktobe_region,59.07887,47.52056
KA3,saline,45.5,8.8,90.4,0.4,0.5,8.7,66.6,29.7,3.7,0.3,0.05,29.2,13.2,?,?,?,Asia,WestKazakhstan_Aktobe_region,59.08419,47.5145
KA4,saline,103.9,8.4,89.7,1,1.5,7.8,0.2,98.8,1.1,0.18,0.05,20.6,8.6,?,?,?,Asia,WestKazakhstan_Aktobe_region,59.14562,47.7267
KA5,soda-saline,1,?,35.4,0.9,7.8,55.9,38.9,22.2,38.9,?,0.05,?,?,?,?,?,Asia,WestKazakhstan_Aktobe_region,59.58138,47.78893
KA6,saline,247.7,8.3,92.2,0.1,0.6,7.1,72.3,27.3,0.4,0.2,0.05,7.7,?,?,?,?,Asia,WestKazakhstan_Aktobe_region,59.61716,47.84792
KA7,saline,32.4,8,52.5,0.6,16.2,30.7,68.6,30.4,1,?,0.05,9.8,?,?,?,?,Asia,WestKazakhstan_Aktobe_region,59.59568,50.06536
KA8,saline,3.8,8,42.2,0.7,14.3,42.8,21,69.2,9.8,0.65,0.05,6.3,?,?,?,?,Asia,WestKazakhstan_Aktobe_region,70.704,43.54248
KH,soda,2.3,8.7,54.8,2.7,3.9,38.7,26.3,30.8,43,0.75,0.05,28.9,6.4,16.7,?,?,Europe,Carpathian_Basin,16.70272,47.6846
KH10w,soda,1.8,8.7,54.8,2.7,3.9,38.7,26.3,30.8,43,0.9,0.5,16,5.4,8.3,?,?,Europe,Carpathian_Basin,16.70272,47.6846
KH11w,soda,1.8,8.4,54.8,2.7,3.9,38.7,26.3,30.8,43,0.85,0.5,10.1,4.2,3.8,?,?,Europe,Carpathian_Basin,16.70272,47.6846
KH1w,soda,1.7,9.2,54.8,2.7,3.9,38.7,26.3,30.8,43,1,0.5,9.9,?,2.3,?,?,Europe,Carpathian_Basin,16.70272,47.6846
KH2w,soda,1.7,9.1,54.8,2.7,3.9,38.7,26.3,30.8,43,0.8,0.5,4.8,?,1.5,?,?,Europe,Carpathian_Basin,16.70272,47.6846
KH3w,soda,1.4,9.1,54.8,2.7,3.9,38.7,26.3,30.8,43,1.02,0.5,5.9,8,3.7,?,?,Europe,Carpathian_Basin,16.70272,47.6846
KH4w,soda,1.5,8.7,54.8,2.7,3.9,38.7,26.3,30.8,43,1,0.5,11,?,1.5,?,?,Europe,Carpathian_Basin,16.70272,47.6846
KH5w,soda,1.5,9.1,54.8,2.7,3.9,38.7,26.3,30.8,43,1.2,0.5,15.1,5.5,2.8,?,?,Europe,Carpathian_Basin,16.70272,47.6846
KH6w,soda,1.5,9.1,54.8,2.7,3.9,38.7,26.3,30.8,43,1.08,0.5,15.5,6.7,2.8,?,?,Europe,Carpathian_Basin,16.70272,47.6846
KH7w,soda,1.7,8.6,54.8,2.7,3.9,38.7,26.3,30.8,43,0.8,0.5,20.7,5.6,4,?,?,Europe,Carpathian_Basin,16.70272,47.6846
KH8w,soda,1.9,8.4,54.8,2.7,3.9,38.7,26.3,30.8,43,0.8,0.5,20.2,5.3,4.6,?,?,Europe,Carpathian_Basin,16.70272,47.6846
KH9w,soda,2,8.6,54.8,2.7,3.9,38.7,26.3,30.8,43,0.65,0.5,23.4,7.3,2.7,?,?,Europe,Carpathian_Basin,16.70272,47.6846
KT01,saline,5.7,8.9,63,3.2,1.6,32.2,38.2,44.5,17.3,0.3,0.01,18.4,9.2,1.6,6.8,5.2,Asia,Balkhash-Alakol_Depression,79.22182,46.59635
KT02,saline,85,8.7,83.1,0.7,0.1,16.1,67.6,27.8,4.6,0.07,0.01,25.7,9.2,2,5.7,4.5,Asia,Balkhash-Alakol_Depression,79.14511,46.53383
KT03,saline,5.8,8.9,63.4,1.5,1.5,33.6,41.4,39.5,19.1,0.95,0.01,23.2,8.9,1.9,6.8,5.9,Asia,Balkhash-Alakol_Depression,79.09499,46.53091
KT04,saline,4.1,9,64.7,2,2.4,30.9,39.5,42.8,17.7,0.67,0.01,20.4,9.1,1.7,5.4,4.2,Asia,Balkhash-Alakol_Depression,78.46177,46.30145
KT05,saline,9.2,9.2,59.8,0.6,1.2,38.4,47.7,33.8,18.5,0.45,0.01,22.4,16.6,28.1,0.1,0.1,Asia,Balkhash-Alakol_Depression,78.43291,46.33516
KT06,saline,4.5,8.9,64,2.9,1.6,31.5,40.8,41.2,18,0.4,0.01,21.7,8.9,1.2,6.2,5.6,Asia,Balkhash-Alakol_Depression,78.41896,46.38347
KT07,saline,4.8,8.9,61.7,4.1,1.7,32.4,39.2,43.6,17.3,0.18,0.01,26.1,8.7,1.4,0.1,0.1,Asia,Balkhash-Alakol_Depression,78.67586,46.38716
KT08,saline,5.1,8.9,63.4,4.2,1.3,31.1,37.6,46.1,16.3,0.4,0.01,25.8,8.4,1.1,7.5,2.9,Asia,Balkhash-Alakol_Depression,78.9218,46.37016
KT09,saline,50.7,8.1,41.8,1.1,6.9,50.2,72.1,26.6,1.3,0.73,0.01,21.9,6.9,1.7,15.6,13.9,Asia,Balkhash-Alakol_Depression,78.22421,46.1314
KT10,saline,51.1,9.2,95.8,0.9,0.2,3.2,27.7,51.8,20.6,0.31,0.01,24.9,9.3,0.9,27.5,27.5,Asia,Balkhash-Alakol_Depression,78.32537,45.96548
KT11,saline,2.5,8.7,71.1,1,4.8,23.1,45.9,29.3,24.8,1,0.01,28.9,9.1,2.5,23.9,22.1,Asia,Balkhash-Alakol_Depression,78.29375,46.0006
KT12,soda-saline,19.3,9.5,94.5,0.9,0.1,4.5,21.3,42.1,36.6,0.15,0.01,31.7,13.1,3.9,0.1,0.1,Asia,Balkhash-Alakol_Depression,78.32739,45.96771
KT13,soda,115.7,9.6,98.6,0.9,0.1,0.4,5.9,22,72.1,0.2,0.01,29.5,15.2,18.1,0.1,0.1,Asia,Balkhash-Alakol_Depression,78.46164,45.8901
KT14,saline,196.3,7.5,91.3,1.1,0.1,7.5,68.2,30,1.8,0.04,0.01,30.3,0.8,8.8,8,0.1,Asia,Balkhash-Alakol_Depression,78.21539,46.29857
KT15,saline,163.8,7.7,87.3,1.3,0.1,11.2,46.4,52.8,0.8,0.2,0.01,36.1,18,5.8,0.1,0.1,Asia,Balkhash-Alakol_Depression,78.47456,46.29889
KT16,saline,6.8,8.7,76,3.8,17.4,2.7,39.6,44.2,16.2,0.15,0.01,29.9,8,2.9,0.1,0.1,Asia,Balkhash-Alakol_Depression,78.43688,46.28528
KT17,saline,157.4,7.3,76.3,1.6,0.4,21.7,32.8,65.9,1.3,0.03,0.01,34.2,1.3,7.8,0.1,0.1,Asia,Balkhash-Alakol_Depression,79.0537,46.46201
KT18,soda,8.1,8.8,76.7,2.4,0.7,20.1,26,25.9,48.1,0.5,0.01,27.9,7.6,1.4,19.6,17.8,Asia,Balkhash-Alakol_Depression,79.04275,46.45521
KT19,saline,2.1,10.3,80,3,3.4,13.6,35.2,41.5,23.4,0.57,0.01,28.8,13.8,1.5,57.8,40.1,Asia,Balkhash-Alakol_Depression,78.08124,45.66651
KT20,soda,1.9,9.1,56.4,4.2,5.4,34,28.3,30.6,41.1,2,0.01,29.7,11.7,13.7,22.7,18.9,Asia,Balkhash-Alakol_Depression,78.00646,45.74338
KT21,saline,1.3,8.7,78.3,0.9,8.5,12.3,74.3,6.2,19.5,0.4,0.01,26.4,9.6,8.1,0.1,0.1,Asia,Balkhash-Alakol_Depression,80.86008,46.48867
KT22,soda-saline,9.2,8.7,58.7,1.9,1.2,38.1,5.9,62.6,31.5,1,0.01,29.5,8.9,24.3,0.1,0.1,Asia,Balkhash-Alakol_Depression,81.38252,46.39485
KT23,saline,7.6,9,75.4,1.1,2.3,21.2,34.3,46,19.7,0.5,0.01,30.5,14.4,1.6,0.1,0.1,Asia,Balkhash-Alakol_Depression,81.54499,46.46864
KT24,saline,6.8,9,73.8,1.1,1.6,23.5,38.6,40.6,20.7,0.45,0.01,27.3,7.7,2.4,0.1,0.1,Asia,Balkhash-Alakol_Depression,81.50722,46.45072
KT25,saline,9.5,9.4,77.4,0.9,0.4,21.3,34.6,46.7,18.7,0.33,0.01,30.1,14.3,4,0.1,0.1,Asia,Balkhash-Alakol_Depression,81.45208,46.43978
KT26,saline,6.8,8.9,78.4,0.9,1.3,19.4,34.4,47.4,18.2,0.09,0.01,32.2,10.5,3.8,0.1,0.1,Asia,Balkhash-Alakol_Depression,81.42251,46.42908
KT27,saline,9.4,9.2,75.6,1.3,0.5,22.6,39.3,40.8,19.9,0.2,0.01,29.2,7.8,8.1,0.1,0.1,Asia,Balkhash-Alakol_Depression,81.36617,45.99625
KZ02,saline,16.4,8.7,80.3,0.5,8.4,10.9,38.4,60.3,1.3,0.2,0.01,19.4,9.2,57.2,62.9,?,Asia,North_Kazakhstan,63.69094,51.53401
KZ04,saline,69.7,8.5,90.4,0.4,0.5,8.6,91.2,8.5,0.2,0.1,0.01,24.4,10.5,9.4,25.2,?,Asia,North_Kazakhstan,62.80725,51.36779
KZ05,freshwater,0.7,8.9,24.8,11,37.4,26.8,38,59.2,2.8,0.4,0.1,17.1,12.6,19.4,21.8,?,Asia,North_Kazakhstan,63.69289,51.54776
KZ08,saline,88.2,8.7,81.8,1.3,1.8,15.1,67.6,32.2,0.2,0.2,0.01,14,?,40.8,65.8,?,Asia,North_Kazakhstan,62.58253,51.21872
KZ12,saline,23.1,8.5,73.7,0.5,5.6,20.1,33,65.4,1.6,0.1,0.01,20,9.3,46.8,78.6,?,Asia,North_Kazahstan,63.68344,51.53532
KZ19,saline,131,8.2,81,0.5,1.1,17.4,74.1,25.7,0.2,0.2,0.01,?,?,23,48,?,Asia,North_Kazakhstan,63.68344,51.53532
Kn,freshwater,?,8.7,?,?,?,?,?,?,?,3.5,0.05,29,17.7,116.3,?,?,Europe,Carpathian_Basin,18.11412,46.17549
Kunggyu,soda,4.9,9.4,71.7,9,8.8,10.6,26,1,72.9,?,0.15,15.3,6.2,?,52.6,?,Asia,TibetanPlateau,82.14184,30.63209
LK,freshwater,0.3,7.5,?,?,?,?,?,?,?,0.72,0.05,28,2.3,6.2,?,?,Europe,Carpathian_Basin,17.46486,47.86535
LN,freshwater,0.3,7.5,?,?,?,?,?,?,?,0.25,0.05,27,2.5,10.5,?,?,Europe,Carpathian_Basin,17.46453,47.86485
LastChance2016,soda,48.3,10.1,98.9,0.9,0,0.2,3.6,8.8,87.6,?,0.05,?,?,?,?,?,America,CaribooPlateau,-121.63305,51.3275
LastChance2017,soda,45.4,10.3,98.9,0.8,0,0.2,3.2,8.7,88.1,?,0.05,?,?,?,?,?,America,CaribooPlateau,-121.63305,51.3275
LastChance2014,soda,48.3,10.1,98.9,0.9,0,0.2,3.6,8.8,87.6,?,0.05,?,?,?,?,?,America,CaribooPlateau,-121.63305,51.3275
LastChance2015,soda,48.3,10.1,98.9,0.9,0,0.2,3.6,8.8,87.6,?,0.05,?,?,?,?,?,America,CaribooPlateau,-121.63305,51.3275
M05,saline,66.6,8.4,99.3,0.1,0.5,0.1,98.5,0.4,1.1,18,0.5,27,?,0.6,?,?,Europe,Carpathian_Basin,25.08614,46.60373
MLW_0617_00,soda,85,9.8,96.7,3,0,0.2,40.9,17.3,41.8,41,0.5,?,?,?,?,?,America,California,-118.991,37.977
MLW_0517_00,soda,85,9.8,96.7,3,0,0.2,40.9,17.3,41.8,41,0.5,?,?,?,?,?,America,California,-118.991,37.977
MLW_0517_10,soda,85,9.8,96.7,3,0,0.2,40.9,17.3,41.8,41,10,?,?,?,?,?,America,California,-118.991,37.977
MLW_0917_00,soda,75,9.8,96.7,3,0,0.2,40.9,17.3,41.8,41,0.5,?,?,?,?,?,America,California,-118.991,37.977
MLW_0917_10,soda,86,9.8,96.7,3,0,0.2,40.9,17.3,41.8,41,10,?,?,?,?,?,America,California,-118.991,37.977
MLW_0917_05,soda,86,9.8,96.7,3,0,0.2,40.9,17.3,41.8,41,5,?,?,?,?,?,America,California,-118.991,37.977
MLW_1018_00,soda,80,9.8,96.7,3,0,0.2,40.9,17.3,41.8,41,0.5,?,?,?,?,?,America,California,-118.991,37.977
MLW_1018_12,soda,80,9.8,96.7,3,0,0.2,40.9,17.3,41.8,41,12,?,?,?,?,?,America,California,-118.991,37.977
MLW_1018_05,soda,80,9.8,96.7,3,0,0.2,40.9,17.3,41.8,41,5,?,?,?,?,?,America,California,-118.991,37.977
Magadi_brine,soda,38.1,9.8,98.8,1,0,0.2,26,0.4,73.7,5,0.01,?,?,?,?,?,Africa,Great_Rift_Valley,36.2838,-1.89527
MapamYumco,freshwater,0.2,8.9,35.5,2.4,22,40.1,6.2,10.5,83.3,?,0.15,12.4,6.2,?,2.5,?,Asia,TibetanPlateau,81.57108,30.74192
ML16S_10m,soda,77.6,9.8,96.7,3,0,0.2,40.9,17.3,51.8,41,10,17.2,5.2,?,?,?,America,California,-119.02,37.96
NH,soda,2.2,8.8,54.8,2.7,3.9,38.7,26.3,30.8,43,1,0.5,30.1,7.4,18.7,?,?,Europe,Carpathian_Basin,16.7138,47.68693
NamCo,soda,0.9,8.7,80.9,0,1.2,17.9,5.6,14.1,80.3,?,0.15,?,?,?,?,?,Asia,TibetanPlateau,90.80185,30.66491
NgoinCo_1,freshwater,0.2,9,23.3,0,17.8,58.8,5.3,7.9,86.8,?,0.15,15.6,6,?,9,?,Asia,TibetanPlateau,88.70861,31.68667
NgoinCo_2,soda,3.8,9.5,82.4,4.8,0.4,12.4,26.9,28.8,44.3,?,0.15,15.9,5.1,?,18.9,?,Asia,TibetanPlateau,91.53169,31.52669
NyerCo,saline,109.4,8.1,49.8,12.5,0,37.7,74.4,25.6,0,?,0.15,?,?,?,?,?,Asia,TibetanPlateau,82.2315,32.28039
ProbeLake2014,soda,23.8,10.1,99.4,0.4,0.1,0.2,2.6,0.3,97,?,5,?,?,?,?,?,America,CaribooPlateau,-121.3875,51.45055
ProbeLake2015,soda,23.8,10.1,99.4,0.4,0.1,0.2,2.6,0.3,97,?,5,?,?,?,?,?,America,CaribooPlateau,-121.3875,51.45055
ProbeLake2016,soda,23.8,10.1,99.4,0.4,0.1,0.2,2.6,0.3,97,?,5,?,?,?,?,?,America,CaribooPlateau,-121.3875,51.45055
ProbeLake2017,soda,16.7,10.4,98.1,0.8,0.1,1.1,1.1,0.2,98.7,?,5,?,?,?,?,?,America,CaribooPlateau,-121.3875,51.45055
PungCo,soda-saline,8.6,9.8,79.2,5.8,2.4,12.6,15.4,52.7,32,?,0.15,15.5,5.2,?,13,?,Asia,TibetanPlateau,90.92033,31.44505
R,freshwater,0.5,9.7,?,?,?,?,?,?,?,0.75,0.05,31.3,14.5,140.2,?,?,Europe,Carpathian_Basin,18.76616,46.01124
S01,soda,4.1,8.5,97.3,0,0.9,1.8,35.8,8.2,56,0.44,0.01,15.9,6.5,268.4,?,83.6,Europe,Carpathian_Basin,19.14465,46.78902
S02,soda,4.1,8.9,97.3,0,0.9,1.8,35.8,8.2,56,0.4,0.01,16.2,6.9,264.2,?,87.9,Europe,Carpathian_Basin,19.14465,46.78902
S03,soda,4.1,8.7,97.3,0,0.9,1.8,35.8,8.2,56,0.42,0.01,24,4,117.1,?,83.8,Europe,Carpathian_Basin,19.14465,46.78902
S04,soda,4.9,8.7,97.3,0,0.9,1.8,35.8,8.2,56,0.37,0.01,24.6,4.2,78.8,?,107.5,Europe,Carpathian_Basin,19.14465,46.78902
S05,soda,7.3,9.2,97.3,0,0.9,1.8,35.8,8.2,56,0.25,0.01,25.9,3.8,49.2,?,162.4,Europe,Carpathian_Basin,19.14465,46.78902
S06,soda,6.8,9.5,97.3,0,0.9,1.8,35.8,8.2,56,0.25,0.01,24.9,6.9,195.9,?,156.7,Europe,Carpathian_Basin,19.14465,46.78902
S07,soda,10,9.5,97.3,0,0.9,1.8,35.8,8.2,56,0.23,0.01,26.5,9.6,257.7,?,243.4,Europe,Carpathian_Basin,19.14465,46.78902
S08,soda,0.9,9.7,97.3,0,0.9,1.8,35.8,8.2,56,0.46,0.01,20.3,9.8,164.3,?,212.3,Europe,Carpathian_Basin,19.14465,46.78902
S09,soda,8.4,9.8,97.3,0,0.9,1.8,35.8,8.2,56,0.08,0.01,25.5,14.7,183.3,?,218,Europe,Carpathian_Basin,19.14465,46.78902
S10,soda,12.6,9.7,97.3,0,0.9,1.8,35.8,8.2,56,0.07,0.01,27,12.5,106.5,?,359.4,Europe,Carpathian_Basin,19.14465,46.78902
S11,soda,15.1,9.5,97.3,0,0.9,1.8,35.8,8.2,56,0.1,0.01,25.4,15.2,52.3,?,352.9,Europe,Carpathian_Basin,19.14465,46.78902
S12,soda,5.5,9.4,97.3,0,0.9,1.8,35.8,8.2,56,0.15,0.01,19.9,3.9,81,?,161.4,Europe,Carpathian_Basin,19.14465,46.78902
S13,soda,6.9,9.1,97.3,0,0.9,1.8,35.8,8.2,56,0.15,0.01,18.8,6.6,57.9,?,800.5,Europe,Carpathian_Basin,19.14465,46.78902
S14,soda,3.8,9.3,97.3,0,0.9,1.8,35.8,8.2,56,0.2,0.01,6.9,10.1,?,?,377.7,Europe,Carpathian_Basin,19.14465,46.78902
SHV,soda-saline,2.6,9.3,63.3,1.3,25.3,10.1,42,19,39,0.29,0.05,30.3,?,?,?,?,Asia,WestKazakhstan_Aktobe_region,59.56621,47.77216
SO1,soda,10.6,9.2,97.3,0,0.9,1.8,35.8,8.2,56,0.25,0.05,13.3,?,20.8,?,814,Europe,Carpathian_Basin,19.14465,46.78902
SO11,soda,7.6,9.9,97.3,0,0.9,1.8,35.8,8.2,56,0.09,0.02,5,?,379,614,595,Europe,Carpathian_Basin,19.14465,46.78902
SO12,soda,3.6,9.1,97.3,0,0.9,1.8,35.8,8.2,56,0.18,0.05,7,?,148.5,294,276,Europe,Carpathian_Basin,19.14465,46.78902
SO13,soda,5.4,9.2,97.3,0,0.9,1.8,35.8,8.2,56,0.13,0.03,11,?,64.9,459,449,Europe,Carpathian_Basin,19.14465,46.78902
SO14,soda,8.6,9.3,97.3,0,0.9,1.8,35.8,8.2,56,0.08,0.02,21,?,49.4,697,682,Europe,Carpathian_Basin,19.14465,46.78902
SO15,soda,6.2,9.3,97.3,0,0.9,1.8,35.8,8.2,56,0.13,0.02,25,?,2.2,476,466,Europe,Carpathian_Basin,19.14465,46.78902
SO16,soda,12,9.6,97.3,0,0.9,1.8,35.8,8.2,56,0.07,0.02,24,?,92,855,830,Europe,Carpathian_Basin,19.14465,46.78902
SO2,soda,1.5,8.3,97.3,0,0.9,1.8,35.8,8.2,56,0.5,0.05,17,?,1.5,85,84,Europe,Carpathian_Basin,19.14465,46.78902
SO3,soda,2.4,8.5,97.3,0,0.9,1.8,35.8,8.2,56,0.45,0.05,17,?,3.6,148,144,Europe,Carpathian_Basin,19.14465,46.78902
SO4,soda,3,8.7,97.3,0,0.9,1.8,35.8,8.2,56,0.35,0.05,30,?,0.5,174,174,Europe,Carpathian_Basin,19.14465,46.78902
SO5,soda,6.3,9.1,97.3,0,0.9,1.8,35.8,8.2,56,0.18,0.05,25,?,1.8,355,350,Europe,Carpathian_Basin,19.14465,46.78902
SO6,soda,18.9,9.6,97.3,0,0.9,1.8,35.8,8.2,56,0.1,0.02,27,?,463,1223,1164,Europe,Carpathian_Basin,19.14465,46.78902
SO9,soda,9.1,10,97.3,0,0.9,1.8,35.8,8.2,56,0.04,0.01,8,?,348.9,672,626,Europe,Carpathian_Basin,19.14465,46.78902
SS15,soda,?,?,88.4,3,0.4,8.2,30,9.6,60.4,?,0.01,0.5,?,?,?,?,Europe,Carpathian_Basin,16.78056,47.79139
SS16,soda,?,?,88.4,3,0.4,8.2,30,9.6,60.4,?,0.01,0,?,?,?,?,Europe,Carpathian_Basin,16.78056,47.79139
SS17,soda,?,?,88.4,3,0.4,8.2,30,9.6,60.4,?,0.01,8.5,?,?,?,?,Europe,Carpathian_Basin,16.78056,47.79139
SelinCo,saline,7.8,9.4,86.9,5.3,0,7.7,34.4,52.2,13.4,?,0.15,13.5,5.1,?,6.7,?,Asia,TibetanPlateau,88.78417,31.68833
Sonachi,soda,8.2,9.5,92.8,7,0.1,0.1,6.8,1.9,91.3,7,0.01,?,?,?,?,?,Africa,Great_Rift_Valley,36.26013,-0.78299
Sp17_01,soda,5.4,9.4,76.3,3.1,1.5,19.1,26.5,7.8,65.7,0.04,0.02,14.5,9.9,111.6,?,?,Europe,Carpathian_Basin,16.77012,47.77514
Sp17_02,soda,1.7,8.7,95.3,0.4,1.6,2.7,6.2,10.4,83.5,0.08,0.02,13.1,10.4,174,?,?,Europe,Carpathian_Basin,16.88678,47.78917
Sp17_04,soda,1.8,8.8,50.5,1.9,28.6,19,3.1,11,85.9,0.05,0.02,12.1,10.6,318.2,?,?,Europe,Carpathian_Basin,16.86491,47.81772
Sp17_05,soda-saline,2,9.1,61.7,1.9,0,36.4,30.5,35.7,33.7,0.3,0.02,15.6,20.1,108.7,?,?,Europe,Carpathian_Basin,16.84114,47.68193
Sp17_07,soda,5.4,8.9,90.5,0.5,0.9,8,13.9,14,72.1,0.12,0.02,11.1,10.8,350.7,?,?,Europe,Carpathian_Basin,16.8422,47.78612
Sp17_09,soda,3.4,9.3,83,2.1,1.2,13.8,17.7,25.5,56.8,0.06,0.02,9.5,11.6,318.6,?,?,Europe,Carpathian_Basin,16.78048,47.75603
Sp17_10,soda,3.6,8.9,87.9,0.6,2.5,8.9,13.7,7.3,79.1,0.02,0.02,14.2,10.1,77,?,?,Europe,Carpathian_Basin,16.87863,47.79274
Sp17_11,soda,2.8,9.2,71.1,2.1,4.2,22.6,12.4,26.5,61.1,0.32,0.02,20,9,177.2,?,?,Europe,Carpathian_Basin,16.87876,47.75748
Sp17_12,soda,2.4,9.2,90.1,0.7,1.4,7.8,8.7,5,86.2,0.03,0.02,21.5,8.6,203.8,?,?,Europe,Carpathian_Basin,16.8567,47.7505
Sp17_13,soda,5.8,9.5,91.7,2.1,0.2,6.1,14.6,7.4,78,0.15,0.02,16.2,10.1,38.4,?,?,Europe,Carpathian_Basin,16.78752,47.80676
Sp17_14,soda,3.3,8.6,69.2,1.2,2.2,24.4,14.9,11.7,73.4,0.09,0.02,14.6,12.3,21.9,?,?,Europe,Carpathian_Basin,16.84433,47.76804
Sp17_15,soda,2.9,9.1,58.2,2.3,1.4,38,27.2,33,39.8,0.06,0.02,13.7,10.1,90.4,?,?,Europe,Carpathian_Basin,16.83406,47.67755
Sp17_16,soda,6.8,9.7,80.6,1.2,1.7,16.5,14.4,9.1,76.5,0.06,0.02,11.8,11.2,13.1,?,?,Europe,Carpathian_Basin,16.80793,47.82712
Sp17_17,soda,7,9.6,93.3,2,0.2,4.5,15.6,7.1,77.3,0.05,0.02,17.5,10.8,168.3,?,?,Europe,Carpathian_Basin,16.79252,47.81376
Sp17_18,soda,3.3,8.9,96.9,0.5,0.2,2.4,8.1,9.6,82.3,0.06,0.02,12,11,585.9,?,?,Europe,Carpathian_Basin,16.84462,47.81074
Sp17_19,soda,2.2,8.8,85.7,0.6,2.1,11.6,14.6,5.9,79.5,0.12,0.02,12.7,10.3,351.1,?,?,Europe,Carpathian_Basin,16.86619,47.79044
Sp17_20,soda,2.4,8.6,67.1,1.9,7,23.9,14.2,31,54.8,0.22,0.02,12.9,11,3.4,?,?,Europe,Carpathian_Basin,16.88009,47.77334
Sp17_21,soda,7.8,9.6,88.7,2,0.2,9.1,17.7,9.9,72.4,0.08,0.02,15.8,10.6,39.2,?,?,Europe,Carpathian_Basin,16.79274,47.78574
Sp17_22,soda,6.6,8.9,89.9,0.2,1.6,8.3,13.7,8.5,77.7,0.05,0.02,13.1,10.4,90,?,?,Europe,Carpathian_Basin,16.88411,47.78379
Sp17_23,soda,1.8,8.9,78.1,1.4,3,17.4,14.7,8.1,77.1,0.04,0.02,13.4,11.2,182.3,?,?,Europe,Carpathian_Basin,16.87171,47.7989
Sp17_24,soda,8.8,9.8,88.4,3,0.4,8.2,30,9.6,60.4,0.12,0.02,13.3,11.3,1,?,?,Europe,Carpathian_Basin,16.77974,47.79113
Sp17_27,soda,4.9,9,96.2,0.8,1.5,1.5,13.8,23.3,62.8,0.03,0.02,12.3,10.7,190.9,?,?,Europe,Carpathian_Basin,16.85235,47.79008
Sp17_28,soda,2.9,8.7,66.6,2,5.5,26,13.9,22.7,63.3,0.25,0.02,12.6,10.5,16.3,?,?,Europe,Carpathian_Basin,16.87078,47.77092
Sp17_29,soda,4.6,9.5,84.8,2.7,1.2,11.4,22.2,30.8,47.1,0.1,0.02,13.6,10.9,43.6,?,?,Europe,Carpathian_Basin,16.78475,47.76696
Sp17_31,soda-saline,2,9.1,61.7,1.9,0,36.4,30.5,35.7,33.7,0.3,0.02,15.6,20.1,108.7,?,?,Europe,Carpathian_Basin,16.84114,47.68193
Sp17_Neu2,soda,3.5,9,94,2.4,1,2.6,12.6,34.1,53.4,0.05,0.02,13.8,11.3,130.7,?,?,Europe,Carpathian_Basin,16.84025,47.76448
Sp18_01,soda,1.2,9,76.3,3.1,1.5,19.1,26.5,7.8,65.7,0.18,0.02,20.3,12.8,20.5,?,?,Europe,Carpathian_Basin,16.77012,47.77514
Sp18_04,soda,0.5,8.7,50.5,1.9,28.6,19,3.1,11,85.9,0.15,0.02,16.8,10.3,16.2,?,?,Europe,Carpathian_Basin,16.86491,47.81772
Sp18_05,soda-saline,1.7,9,61.7,1.9,0,36.4,30.5,35.7,33.7,0.26,0.02,11.6,8.9,52.2,?,?,Europe,Carpathian_Basin,16.84114,47.68193
Sp18_07,soda,1,8.7,90.5,0.5,0.9,8,13.9,14,72.1,0.22,0.02,17.8,10.3,7.6,?,?,Europe,Carpathian_Basin,16.8422,47.78612
Sp18_08,soda,0.6,8.8,79.3,4.2,1.1,15.4,20.1,6.1,73.8,0.21,0.02,11,10.7,44,?,?,Europe,Carpathian_Basin,16.78549,47.75868
Sp18_10,soda,0.7,8.6,87.9,0.6,2.5,8.9,13.7,7.3,79.1,0.12,0.02,20.3,9.9,1.1,?,?,Europe,Carpathian_Basin,16.87863,47.79274
Sp18_11,soda,1.4,8.7,71.1,2.1,4.2,22.6,12.4,26.5,61.1,0.28,0.02,14.2,10.9,16.6,?,?,Europe,Carpathian_Basin,16.87876,47.75748
Sp18_12,soda,0.6,8.5,90.1,0.7,1.4,7.8,8.7,5,86.2,0.17,0.02,12.3,10.4,2.9,?,?,Europe,Carpathian_Basin,16.8567,47.7505
Sp18_13,soda,2.7,9.2,91.7,2.1,0.2,6.1,14.6,7.4,78,0.24,0.02,11.9,10.6,131.3,?,?,Europe,Carpathian_Basin,16.78752,47.80676
Sp18_15,soda,1.7,8.7,58.2,2.3,1.4,38,27.2,33,39.8,0.36,0.02,10.5,77.2,60.2,?,?,Europe,Carpathian_Basin,16.83406,47.67755
Sp18_16,soda,2,9.1,80.6,1.2,1.7,16.5,14.4,9.1,76.5,0.15,0.02,14.5,96,102.2,?,?,Europe,Carpathian_Basin,16.80793,47.82712
Sp18_17,soda,2.7,9.3,93.3,2,0.2,4.5,15.6,7.1,77.3,0.14,0.02,11.4,102.8,238.3,?,?,Europe,Carpathian_Basin,16.79252,47.81376
Sp18_18,soda,0.9,8.9,96.9,0.5,0.2,2.4,8.1,9.6,82.3,0.17,0.02,13.6,101.8,14.6,?,?,Europe,Carpathian_Basin,16.84462,47.81074
Sp18_19,soda,0.5,8.6,85.7,0.6,2.1,11.6,14.6,5.9,79.5,0.17,0.02,19.2,116.5,101.1,?,?,Europe,Carpathian_Basin,16.86619,47.79044
Sp18_1_d,soda,0.7,8.6,95.3,0.4,1.6,2.7,6.2,10.4,83.5,0.23,0.02,18.5,10,5.9,?,?,Europe,Carpathian_Basin,16.88678,47.78917
Sp18_20,soda,2,8.8,67.1,1.9,7,23.9,14.2,31,54.8,0.44,0.02,15.1,11.2,2.7,?,?,Europe,Carpathian_Basin,16.88009,47.77334
Sp18_21,soda,3.1,9.1,88.7,2,0.2,9.1,17.7,9.9,72.4,0.3,0.02,14.8,10.7,82.3,?,?,Europe,Carpathian_Basin,16.79274,47.78574
Sp18_22,soda,1.4,8.9,89.9,0.2,1.6,8.3,13.7,8.5,77.7,0.21,0.02,17,11.2,56.2,?,?,Europe,Carpathian_Basin,16.88411,47.78379
Sp18_23,soda,0.4,8.7,78.1,1.4,3,17.4,14.7,8.1,77.1,0.12,0.02,18.7,11.1,31.7,?,?,Europe,Carpathian_Basin,16.87171,47.7989
Sp18_24,soda,3.4,9.3,88.4,3,0.4,8.2,30,9.6,60.4,0.48,0.02,18.7,12,11.6,?,?,Europe,Carpathian_Basin,16.77974,47.79113
Sp18_27,soda,1,8.8,96.2,0.8,1.5,1.5,13.8,23.3,62.8,0.18,0.02,17.1,9.9,17.4,?,?,Europe,Carpathian_Basin,16.85235,47.79008
Sp18_28,soda,1.8,8.7,66.6,2,5.5,26,13.9,22.7,63.3,0.39,0.02,13.8,10.4,5,?,?,Europe,Carpathian_Basin,16.87078,47.77092
Sp18_29,soda,1.7,9.2,84.8,2.7,1.2,11.4,22.2,30.8,47.1,0.26,0.02,17.7,10.9,33.1,?,?,Europe,Carpathian_Basin,16.78475,47.76696
Sp18_30,soda-saline,3.3,9.1,82.5,2.8,1.6,13.1,21.2,49.4,29.4,0.35,0.02,13.6,10.6,37.9,?,?,Europe,Carpathian_Basin,16.82404,47.72158
Sp18_31,soda,7.3,9.2,79.7,1,0.9,18.4,21.7,27.5,50.8,0.31,0.02,17.8,9.3,44.2,?,?,Europe,Carpathian_Basin,16.76999,47.74456
Sp18_9,soda,1,8.7,83,2.1,1.2,13.8,17.7,25.5,56.8,0.28,0.02,11.1,9.9,74.7,?,?,Europe,Carpathian_Basin,16.78048,47.75603
Sp18_Neu2,soda,0.8,9.1,94,2.4,1,2.6,12.6,34.1,53.4,0.12,0.02,22,9.5,25.3,?,?,Europe,Carpathian_Basin,16.84025,47.76448
TLO,freshwater,0.5,8.6,?,?,?,?,?,?,?,1.6,0.05,29,9.7,88.2,?,?,Europe,Carpathian_Basin,18.82666,46.38921
TNB,freshwater,0.4,7.4,?,?,?,?,?,?,?,1,0.05,28.2,2.8,17.2,?,?,Europe,Carpathian_Basin,20.66249,47.64191
TO,freshwater,0.4,8.2,?,?,?,?,?,?,?,1.85,0.05,27.5,7.1,31.1,?,?,Europe,Carpathian_Basin,20.66206,47.64311
TS,freshwater,0.4,7.8,?,?,?,?,?,?,?,1,0.05,28.4,4.2,22.3,?,?,Europe,Carpathian_Basin,20.66592,47.64201
TangraYumco,soda,6.8,9.3,71.1,0,0,11.5,24.5,18.6,38.2,?,0.15,14,5.4,?,3.9,?,Asia,TibetanPlateau,86.6539,31.35506
U05,saline,30,8.3,?,?,?,?,?,?,?,23,0.5,27.2,9,2,18.6,?,Europe,Carpathian_Basin,23.86012,46.38482
U15,saline,68,7.5,?,?,?,?,?,?,?,23,1.5,38.2,9.8,0.6,13,?,Europe,Carpathian_Basin,23.86012,46.38482
U28,saline,134,7.6,?,?,?,?,?,?,?,23,2.8,41.1,11.6,2.5,15.9,?,Europe,Carpathian_Basin,23.86012,46.38482
US15,soda,?,?,77.2,1.4,2.1,19.3,12.9,5.6,81.5,?,0.01,0.5,?,?,?,?,Europe,Carpathian_Basin,16.78389,47.80167
US16,soda,?,?,77.2,1.4,2.1,19.3,12.9,5.6,81.5,?,0.01,0,?,?,?,?,Europe,Carpathian_Basin,16.78389,47.80167
US17,soda,?,?,77.2,1.4,2.1,19.3,12.9,5.6,81.5,?,0.01,8.5,?,?,?,?,Europe,Carpathian_Basin,16.78389,47.80167
UrruCo,freshwater,0.2,8.8,?,?,?,?,?,?,?,?,0.15,13.2,6.4,?,7.6,?,Asia,TibetanPlateau,88.07386,31.77963
V01,soda,4,9.3,97.4,0.4,0.7,1.5,30.6,9.7,59.7,0.28,0.01,13.7,8.5,15.4,?,32.1,Europe,Carpathian_Basin,19.18047,46.76363
V02,soda,4,9.4,97.4,0.4,0.7,1.5,30.6,9.7,59.7,0.25,0.01,15.2,9.7,2.9,?,31,Europe,Carpathian_Basin,19.18047,46.76363
V03,soda,4,9.4,97.4,0.4,0.7,1.5,30.6,9.7,59.7,0.27,0.01,21.2,8.2,1.8,?,34.9,Europe,Carpathian_Basin,19.18047,46.76363
V04,soda,4.9,9.2,97.4,0.4,0.7,1.5,30.6,9.7,59.7,0.23,0.01,23.9,3.8,1.9,?,46.7,Europe,Carpathian_Basin,19.18047,46.76363
V05,soda,8,9.5,97.4,0.4,0.7,1.5,30.6,9.7,59.7,0.12,0.01,29.4,11.7,3.4,?,76.6,Europe,Carpathian_Basin,19.18047,46.76363
V06,soda,5.4,9.7,97.4,0.4,0.7,1.5,30.6,9.7,59.7,0.1,0.01,22.1,8.8,112.5,?,53.6,Europe,Carpathian_Basin,19.18047,46.76363
V07,soda,9.4,9.8,97.4,0.4,0.7,1.5,30.6,9.7,59.7,0.05,0.01,25.4,9.4,498.5,?,276.3,Europe,Carpathian_Basin,19.18047,46.76363
V08,soda,8,9.6,97.4,0.4,0.7,1.5,30.6,9.7,59.7,0.15,0.01,21.2,10.1,426.1,?,96.4,Europe,Carpathian_Basin,19.18047,46.76363
V09,soda,9,9.7,97.4,0.4,0.7,1.5,30.6,9.7,59.7,0.04,0.01,28.1,12.3,672.6,?,367.2,Europe,Carpathian_Basin,19.18047,46.76363
V10,soda,13.1,9.9,97.4,0.4,0.7,1.5,30.6,9.7,59.7,0.02,0.01,25.9,5,?,?,1281.7,Europe,Carpathian_Basin,19.18047,46.76363
V11,soda,11.4,9.6,97.4,0.4,0.7,1.5,30.6,9.7,59.7,0.12,0.01,25.2,10.5,696.7,?,821,Europe,Carpathian_Basin,19.18047,46.76363
V12,soda,5.5,9.7,97.4,0.4,0.7,1.5,30.6,9.7,59.7,0.11,0.01,18.9,10.3,28.6,?,49.4,Europe,Carpathian_Basin,19.18047,46.76363
V13,soda,7.1,9.6,97.4,0.4,0.7,1.5,30.6,9.7,59.7,0.06,0.01,19.5,8.7,26.9,?,710.9,Europe,Carpathian_Basin,19.18047,46.76363
V14,soda,4.5,9.7,97.4,0.4,0.7,1.5,30.6,9.7,59.7,0.16,0.01,6.7,11.6,?,?,496.1,Europe,Carpathian_Basin,19.18047,46.76363
VBK,soda,12.4,10.2,97.4,0.4,0.7,1.5,30.6,9.7,59.7,0.05,0.04,?,?,10.6,1143,?,Europe,Carpathian_Basin,19.18047,46.76363
Z,freshwater,0.5,7.6,?,?,?,?,?,?,?,4.2,0.05,24.3,0.3,3.4,?,?,Europe,Carpathian_Basin,17.26403,46.7053
Z01,soda,3.4,9.2,97,0.4,1,1.6,26.3,6.9,66.8,0.1,0.01,15.4,11.5,319.5,?,23.7,Europe,Carpathian_Basin,19.17138,46.8365
Z02,soda,3.4,9.6,97,0.4,1,1.6,26.3,6.9,66.8,0.26,0.01,15.3,9.2,323.8,?,27.1,Europe,Carpathian_Basin,19.17138,46.8365
Z03,soda,3.4,9.4,97,0.4,1,1.6,26.3,6.9,66.8,0.15,0.01,23.7,9.9,204.5,?,26,Europe,Carpathian_Basin,19.17138,46.8365
Z04,soda,4.1,9.5,97,0.4,1,1.6,26.3,6.9,66.8,0.2,0.01,24.2,8.8,8.5,?,28.5,Europe,Carpathian_Basin,19.17138,46.8365
Z05,soda,5.8,9.5,97,0.4,1,1.6,26.3,6.9,66.8,0.15,0.01,30.9,10.3,93.7,?,45.9,Europe,Carpathian_Basin,19.17138,46.8365
Z06,soda,6.1,9.7,97,0.4,1,1.6,26.3,6.9,66.8,0.07,0.01,24,8.1,255.6,?,45.1,Europe,Carpathian_Basin,19.17138,46.8365
Z07,soda,9.3,9.7,97,0.4,1,1.6,26.3,6.9,66.8,0.22,0.01,23.6,8,136.3,?,326,Europe,Carpathian_Basin,19.17138,46.8365
Z08,soda,7.4,9.8,97,0.4,1,1.6,26.3,6.9,66.8,0.05,0.01,19.6,9,598.6,?,54.9,Europe,Carpathian_Basin,19.17138,46.8365
Z09,soda,10.3,9.8,97,0.4,1,1.6,26.3,6.9,66.8,0.08,0.01,27.2,9,51.3,?,610.9,Europe,Carpathian_Basin,19.17138,46.8365
Z10,soda,27.8,10,97,0.4,1,1.6,26.3,6.9,66.8,0.02,0.01,24.9,12.3,588.7,?,3341.2,Europe,Carpathian_Basin,19.17138,46.8365
Z12,soda,5.1,9.7,97,0.4,1,1.6,26.3,6.9,66.8,0.04,0.01,21.1,12.5,12.8,?,35.9,Europe,Carpathian_Basin,19.17138,46.8365
Z14,soda,2.8,9.6,97,0.4,1,1.6,26.3,6.9,66.8,0.06,0.01,5.9,11.1,?,?,208.8,Europe,Carpathian_Basin,19.17138,46.8365
ZA1,soda,8.8,9.7,97,0.4,1,1.6,26.3,6.9,66.8,0.07,0.05,14.1,?,32.4,?,60,Europe,Carpathian_Basin,19.17138,46.8365
ZA10,soda,5.1,10.2,97,0.4,1,1.6,26.3,6.9,66.8,0.06,0.01,4,?,455.7,96,59,Europe,Carpathian_Basin,19.17138,46.8365
ZA11,soda,6.4,10.2,97,0.4,1,1.6,26.3,6.9,66.8,0.04,0.01,6,?,1043.7,138,64,Europe,Carpathian_Basin,19.17138,46.8365
ZA12,soda,3.8,9.6,97,0.4,1,1.6,26.3,6.9,66.8,0.12,0.02,10,?,1499.4,127,41,Europe,Carpathian_Basin,19.17138,46.8365
ZA13,soda,5.1,9.7,97,0.4,1,1.6,26.3,6.9,66.8,0.07,0.01,14,?,2555.5,180,53,Europe,Carpathian_Basin,19.17138,46.8365
ZA14,soda,7.2,9.7,97,0.4,1,1.6,26.3,6.9,66.8,0.03,0.01,25,?,822,221,74,Europe,Carpathian_Basin,19.17138,46.8365
ZA15,soda,6.6,9.4,97,0.4,1,1.6,26.3,6.9,66.8,0.03,0.01,28,?,59.6,152,97,Europe,Carpathian_Basin,19.17138,46.8365
ZA16,soda,17,9.9,97,0.4,1,1.6,26.3,6.9,66.8,0.02,0.01,28,?,199,239,217,Europe,Carpathian_Basin,19.17138,46.8365
ZA17,soda,10.1,9.7,97,0.4,1,1.6,26.3,6.9,66.8,0.07,0.01,31,?,6.8,150,142,Europe,Carpathian_Basin,19.17138,46.8365
ZA2,soda,1.9,9.1,97,0.4,1,1.6,26.3,6.9,66.8,0.45,0.05,24,?,6.8,37,31,Europe,Carpathian_Basin,19.17138,46.8365
ZA3,soda,2.4,9.3,97,0.4,1,1.6,26.3,6.9,66.8,0.31,0.05,17,?,11.7,38,33,Europe,Carpathian_Basin,19.17138,46.8365
ZA4,soda,2.6,9.2,97,0.4,1,1.6,26.3,6.9,66.8,0.32,0.05,26,?,1.7,40,32,Europe,Carpathian_Basin,19.17138,46.8365
ZA5,soda,4.4,9.5,97,0.4,1,1.6,26.3,6.9,66.8,0.2,0.05,31,?,3.8,54,50,Europe,Carpathian_Basin,19.17138,46.8365
ZA6,soda,7.5,9.8,97,0.4,1,1.6,26.3,6.9,66.8,0.13,0.03,30,?,44.1,84,75,Europe,Carpathian_Basin,19.17138,46.8365
ZA7,soda,9.8,10,97,0.4,1,1.6,26.3,6.9,66.8,0.13,0.03,16,?,153.2,128,92,Europe,Carpathian_Basin,19.17138,46.8365
ZA8,soda,6.4,10.1,97,0.4,1,1.6,26.3,6.9,66.8,0.06,0.01,17,?,259.8,101,60,Europe,Carpathian_Basin,19.17138,46.8365
ZA9,soda,7.5,10.2,97,0.4,1,1.6,26.3,6.9,66.8,0.04,0.01,11,?,430.2,115,74,Europe,Carpathian_Basin,19.17138,46.8365
ZL15,soda,10.3,9.5,84.8,2.7,1.2,11.4,22.2,30.8,47.1,?,0.01,0.6,?,?,?,?,Europe,Carpathian_Basin,16.78083,47.76806
ZL16,soda,?,?,84.8,2.7,1.2,11.4,22.2,30.8,47.1,?,0.01,0,?,?,?,?,Europe,Carpathian_Basin,16.78083,47.76806
ZL17,soda,7.2,9.6,84.8,2.7,1.2,11.4,22.2,30.8,47.1,?,0.01,8.9,?,?,?,?,Europe,Carpathian_Basin,16.78083,47.76806
ZhariNamco,saline,10.1,9.5,84.8,4.4,1.4,9.3,16.9,77.5,5.6,?,15,18.1,6,?,15.1,?,Asia,TibetanPlateau,85.59156,30.99297
ZhaxiCo,saline,13,9.4,79.5,9.1,1,10.4,21.5,72.7,5.9,?,15,15.9,2.4,?,66.7,?,Asia,TibetanPlateau,85.07548,32.19538
